{
  "tensor_map": {
    "conv.weight": {"shape": [1, 1, 3, 3], "data": [-0.22488877177238464, -0.2835032343864441, -0.1687747687101364, -0.08103155344724655, -0.24275991320610046, 0.18103143572807312, -0.2710721492767334, -0.24269834160804749, 0.13487279415130615]},
    "conv.bias": {"shape": [1], "data": [-0.11326082795858383]},
    "fc.weight": {"shape": [25, 4], "data": [-0.14464667439460754, 0.01739436388015747, -0.01554250717163086, 0.07524941861629486, -0.1061946377158165, -0.08051543682813644, -0.0892767384648323, -0.16493548452854156, 0.11675586551427841, -0.09642583131790161, -0.17583034932613373, 0.16153280436992645, 0.06841244548559189, -0.10857141017913818, 0.014360642991960049, -0.060395754873752594, -0.09584295749664307, 0.1050141230225563, 0.045798253268003464, 0.07762577384710312, -0.12666645646095276, 0.09576929360628128, -0.10744938999414444, -0.18872511386871338, -0.1403985321521759, 0.15853507816791534, -0.08948229998350143, -0.06152300909161568, 0.05097495764493942, 0.08561265468597412, 0.1760902851819992, -0.19230519235134125, -0.11536600440740585, 0.030364463105797768, -0.13633471727371216, 0.014010501094162464, -0.18146321177482605, 0.10112840682268143, 0.027001237496733665, 0.05648331716656685, -0.06256791949272156, 0.049373626708984375, 0.07397583872079849, -0.014200854115188122, -0.1610327959060669, 0.15877071022987366, -0.13678987324237823, -0.0193848367780447, -0.09456188976764679, 0.12025590240955353, 0.1183963418006897, -0.131416454911232, -0.14029772579669952, 0.03768050670623779, 0.039363641291856766, 0.09234753251075745, 0.028606483712792397, 0.04675515741109848, -0.06853435188531876, -0.17183801531791687, -0.048714447766542435, -0.10391337424516678, -0.07677628099918365, 0.14460833370685577, -0.18984651565551758, 0.12646982073783875, -0.1110069751739502, 0.189311683177948, 0.16836731135845184, 0.1252964735031128, -0.10383246093988419, 0.10721427202224731, 0.05983157083392143, 0.049008797854185104, -0.10029218345880508, -0.04199972748756409, -0.18092018365859985, 0.19668348133563995, 0.15708525478839874, 0.11660578846931458, 0.10354755818843842, -0.11451849341392517, 0.1401052176952362, 0.17095275223255157, 0.09396936744451523, -0.041725438088178635, 0.11397594958543777, -0.19390767812728882, -0.09660714119672775, 0.1513374298810959, 0.040383100509643555, 0.05842297151684761, -0.03706282749772072, 0.15587542951107025, 0.19199995696544647, -0.15135452151298523, -0.15185624361038208, 0.1609540432691574, 0.1564759463071823, -0.1727839708328247]},
    "fc.bias": {"shape": [1, 4], "data": [0.14318086206912994, 0.12717340886592865, -0.06892678886651993, -0.09210609644651413]},
    "input": {"shape": [2, 1, 10, 10], "data": [0.7864627544799278, 0.7307972834901705, 0.6202339631572782, 0.8075621630744507, 0.8139881276154106, 0.96506781256447, 0.7929390468012973, 0.8620653615726461, 0.6326257089538516, 0.42492337724429263, 0.2664695117811985, 0.2981049435471278, 0.3951599513902899, 0.9776367657623585, 0.845426704752805, 0.7754470557223356, 0.9217794543723309, 0.6725878409045404, 0.11562638782235435, 0.426328935053895, 0.12910529506721957, 0.21443797896533556, 0.1496401162055837, 0.6199686054817087, 0.34446734419471137, 0.32435553530219774, 0.012549385042870509, 0.892491694232172, 0.3000535063652545, 0.7944392815307907, 0.5961826239847839, 0.3939660586947541, 0.220795230282257, 0.9759853393076917, 0.04324779999908235, 0.6282418338544852, 0.5764188665071056, 0.6109860034040242, 0.8983536904664122, 0.3150764990707826, 0.6492016273486594, 0.5070536055767108, 0.23458008415800025, 0.25436892084276586, 0.4691298412934284, 0.32328200672345586, 0.12775194391563616, 0.4488704171657546, 0.5527355457766472, 0.32602606595984174, 0.43495841862751405, 0.14394804905311342, 0.9091819650656257, 0.844404768486416, 0.24581577069266758, 0.012704281803848305, 0.3210171239109143, 0.843380263133443, 0.27458202949732413, 0.24308860234290808, 0.5915977882017276, 0.4737423104645526, 0.05364456116051264, 0.8384222301495097, 0.38656500332399746, 0.6956783651209799, 0.7147888381063238, 0.9061701578310515, 0.26464180248174174, 0.397189191452332, 0.04407135089443637, 0.2872889730485525, 0.5078584875214726, 0.7201937176656389, 0.3175496589711151, 0.6307234581127739, 0.7900596113332247, 0.33185010944462534, 0.9905242758979999, 0.10665626996696453, 0.8770181469276922, 0.6296567223916664, 0.6977753358063422, 0.5145067897724916, 0.14691767080921547, 0.9336102400893601, 0.35425391907830084, 0.06820044703269124, 0.5255114472877253, 0.5984287345520451, 0.23883938737585964, 0.49325246270365786, 0.6298770982334506, 0.2109768595698147, 0.5720925277755874, 0.5587061900642575, 0.011006853839314656, 0.45546652057721804, 0.5619194119342192, 0.08673346815362681, 0.7864627544799278, 0.7307972834901705, 0.6202339631572782, 0.8075621630744507, 0.8139881276154106, 0.96506781256447, 0.7929390468012973, 0.8620653615726461, 0.6326257089538516, 0.42492337724429263, 0.2664695117811985, 0.2981049435471278, 0.3951599513902899, 0.9776367657623585, 0.845426704752805, 0.7754470557223356, 0.9217794543723309, 0.6725878409045404, 0.11562638782235435, 0.426328935053895, 0.12910529506721957, 0.21443797896533556, 0.1496401162055837, 0.6199686054817087, 0.34446734419471137, 0.32435553530219774, 0.012549385042870509, 0.892491694232172, 0.3000535063652545, 0.7944392815307907, 0.5961826239847839, 0.3939660586947541, 0.220795230282257, 0.9759853393076917, 0.04324779999908235, 0.6282418338544852, 0.5764188665071056, 0.6109860034040242, 0.8983536904664122, 0.3150764990707826, 0.6492016273486594, 0.5070536055767108, 0.23458008415800025, 0.25436892084276586, 0.4691298412934284, 0.32328200672345586, 0.12775194391563616, 0.4488704171657546, 0.5527355457766472, 0.32602606595984174, 0.43495841862751405, 0.14394804905311342, 0.9091819650656257, 0.844404768486416, 0.24581577069266758, 0.012704281803848305, 0.3210171239109143, 0.843380263133443, 0.27458202949732413, 0.24308860234290808, 0.5915977882017276, 0.4737423104645526, 0.05364456116051264, 0.8384222301495097, 0.38656500332399746, 0.6956783651209799, 0.7147888381063238, 0.9061701578310515, 0.26464180248174174, 0.397189191452332, 0.04407135089443637, 0.2872889730485525, 0.5078584875214726, 0.7201937176656389, 0.3175496589711151, 0.6307234581127739, 0.7900596113332247, 0.33185010944462534, 0.9905242758979999, 0.10665626996696453, 0.8770181469276922, 0.6296567223916664, 0.6977753358063422, 0.5145067897724916, 0.14691767080921547, 0.9336102400893601, 0.35425391907830084, 0.06820044703269124, 0.5255114472877253, 0.5984287345520451, 0.23883938737585964, 0.49325246270365786, 0.6298770982334506, 0.2109768595698147, 0.5720925277755874, 0.5587061900642575, 0.011006853839314656, 0.45546652057721804, 0.5619194119342192, 0.08673346815362681]}},

  "nodes": [
    {"op_type": "Conv",
      "inputs": ["input", "conv.weight", "conv.bias"],
      "outputs": ["/conv/Conv_output_0"],
      "attributes": {"dilations": [1, 1], "group": [1], "kernel_shape": [3, 3], "pads": [1, 1, 1, 1], "strides": [1, 1]},
      "backward_inputs": ["gradient_3", "input", "conv.weight", "conv.bias"],
      "backward_outputs": ["gradient_output", "conv.weight.grad"]},

    {"op_type": "Relu",
      "inputs": ["/conv/Conv_output_0"],
      "outputs": ["/Relu_output_0"],
      "attributes": {},
      "backward_inputs": ["gradient_2", "/conv/Conv_output_0"],
      "backward_outputs": ["gradient_3"]},

    {"op_type": "MaxPool",
      "inputs": ["/Relu_output_0"],
      "outputs": ["/pool/MaxPool_output_0"],
      "attributes": {"ceil_mode": [0], "dilations": [1, 1], "kernel_shape": [2, 2], "pads": [0, 0, 0, 0], "strides": [2, 2]},
      "backward_inputs": ["gradient_1", "/Relu_output_0"],
      "backward_outputs": ["gradient_2"]},

    {"op_type": "Reshape",
      "inputs": ["/pool/MaxPool_output_0"],
      "outputs": ["/Reshape_output_0"],
      "attributes": {"allowzero": [0]},
      "backward_inputs": ["gradient_0", "/pool/MaxPool_output_0"],